breeds.primary,id.1,organization_id,age,gender,size,coat,tags,name_x,description,status_changed_at,published_at,distance,colors.primary,attributes.spayed_neutered,attributes.house_trained,attributes.special_needs,attributes.shots_current,contact.address.city,contact.address.postcode,animal_id,organization_id.1,name_y
adoptable,Affenpinscher,3,3,3,3,3,0,3,3,2,3,3,3,0,3,3,3,3,3,3,3,3,3
adoptable,Akita,4,4,4,4,4,1,4,4,3,4,4,4,3,4,4,4,4,4,4,4,4,4
adoptable,Alaskan Malamute,1,1,1,1,1,0,1,1,0,1,1,1,0,1,1,1,1,1,1,1,1,1
adoptable,American Bulldog,24,24,24,24,24,3,24,24,15,24,24,24,8,24,24,24,24,24,24,24,24,24
adoptable,American Bully,2,2,2,2,2,1,2,2,2,2,2,2,0,2,2,2,2,2,2,2,2,2
adoptable,American Staffordshire Terrier,107,107,107,107,107,7,107,107,37,107,107,107,23,107,107,107,107,107,107,107,107,107
adoptable,Anatolian Shepherd,6,6,6,6,6,1,6,6,4,6,6,6,4,6,6,6,6,6,6,6,6,6
adoptable,Australian Cattle Dog / Blue Heeler,43,43,43,43,43,12,43,43,27,43,43,43,19,43,43,43,43,43,43,43,43,43
adoptable,Australian Kelpie,5,5,5,5,5,1,5,5,5,5,5,5,5,5,5,5,5,5,5,5,5,5
adoptable,Australian Shepherd,9,9,9,9,9,3,9,9,8,9,9,9,3,9,9,9,9,9,9,9,9,9
adoptable,Basenji,1,1,1,1,1,0,1,1,1,1,1,1,1,1,1,1,1,1,1,1,1,1
adoptable,Basset Hound,2,2,2,2,2,1,2,2,2,2,2,2,2,2,2,2,2,2,2,2,2,2
adoptable,Beagle,26,26,26,26,26,13,26,26,11,26,26,26,17,26,26,26,26,26,26,26,26,26
adoptable,Bearded Collie,1,1,1,1,1,0,1,1,1,1,1,1,0,1,1,1,1,1,1,1,1,1
adoptable,Belgian Shepherd / Malinois,5,5,5,5,5,0,5,5,4,5,5,5,2,5,5,5,5,5,5,5,5,5
adoptable,Bernese Mountain Dog,2,2,2,2,2,0,2,2,2,2,2,2,0,2,2,2,2,2,2,2,2,2
adoptable,Black Labrador Retriever,30,30,30,30,30,1,30,30,23,30,30,30,22,30,30,30,30,30,30,30,30,30
adoptable,Black Mouth Cur,18,18,18,18,18,5,18,18,12,18,18,18,10,18,18,18,18,18,18,18,18,18
adoptable,Black and Tan Coonhound,3,3,3,3,3,0,3,3,2,3,3,3,0,3,3,3,3,3,3,3,3,3
adoptable,Bloodhound,1,1,1,1,1,0,1,1,1,1,1,1,1,1,1,1,1,1,1,1,1,1
adoptable,Blue Lacy,1,1,1,1,1,0,1,1,1,1,1,1,0,1,1,1,1,1,1,1,1,1
adoptable,Bluetick Coonhound,1,1,1,1,1,0,1,1,1,1,1,1,0,1,1,1,1,1,1,1,1,1
adoptable,Border Collie,26,26,26,26,26,14,26,26,17,26,26,26,16,26,26,26,26,26,26,26,26,26
adoptable,Border Terrier,1,1,1,1,1,1,1,1,1,1,1,1,1,1,1,1,1,1,1,1,1,1
adoptable,Boston Terrier,8,8,8,8,8,2,8,8,8,8,8,8,3,8,8,8,8,8,8,8,8,8
adoptable,Boxer,42,42,42,42,42,9,42,42,22,42,42,42,16,42,42,42,42,42,42,42,42,42
adoptable,Bull Terrier,7,7,7,7,7,2,7,7,5,7,7,7,3,7,7,7,7,7,7,7,7,7
adoptable,Cardigan Welsh Corgi,2,2,2,2,2,0,2,2,1,2,2,2,1,2,2,2,2,2,2,2,2,2
adoptable,Carolina Dog,6,6,6,6,6,0,6,6,4,6,6,6,3,6,6,6,6,6,6,6,6,6
adoptable,Catahoula Leopard Dog,22,22,22,22,22,9,22,22,13,22,22,22,12,22,22,22,22,22,22,22,22,22
adoptable,Cattle Dog,19,19,19,19,19,8,19,19,16,19,19,19,11,19,19,19,19,19,19,19,19,19
adoptable,Chihuahua,93,93,93,93,93,21,93,93,61,93,93,93,46,93,93,93,93,93,93,93,93,93
adoptable,Chiweenie,2,2,2,2,2,2,2,2,1,2,2,2,1,2,2,2,2,2,2,2,2,2
adoptable,Chocolate Labrador Retriever,7,7,7,7,7,2,7,7,5,7,7,7,3,7,7,7,7,7,7,7,7,7
adoptable,Chow Chow,8,8,8,8,8,3,8,8,7,8,8,8,5,8,8,8,8,8,8,8,8,8
adoptable,Cocker Spaniel,9,9,9,9,9,5,9,9,7,9,9,9,6,9,9,9,9,9,9,9,9,9
adoptable,Collie,5,5,5,5,5,1,5,5,3,5,5,5,2,5,5,5,5,5,5,5,5,5
adoptable,Coonhound,3,3,3,3,3,0,3,3,3,3,3,3,1,3,3,3,3,3,3,3,3,3
adoptable,Corgi,2,2,2,2,2,2,2,2,1,2,2,2,2,2,2,2,2,2,2,2,2,2
adoptable,Dachshund,37,37,37,37,37,6,37,37,32,37,37,37,11,37,37,37,37,37,37,37,37,37
adoptable,Doberman Pinscher,10,10,10,10,10,2,10,10,8,10,10,10,5,10,10,10,10,10,10,10,10,10
adoptable,Dogo Argentino,2,2,2,2,2,0,2,2,2,2,2,2,1,2,2,2,2,2,2,2,2,2
adoptable,Dutch Shepherd,1,1,1,1,1,1,1,1,1,1,1,1,1,1,1,1,1,1,1,1,1,1
adoptable,English Bulldog,6,6,6,6,6,1,6,6,6,6,6,6,1,6,6,6,6,6,6,6,6,6
adoptable,English Pointer,2,2,2,2,2,1,2,2,2,2,2,2,2,2,2,2,2,2,2,2,2,2
adoptable,Fox Terrier,2,2,2,2,2,0,2,2,2,2,2,2,0,2,2,2,2,2,2,2,2,2
adoptable,French Bulldog,2,2,2,2,2,0,2,2,2,2,2,2,0,2,2,2,2,2,2,2,2,2
adoptable,German Shepherd Dog,70,70,70,70,70,12,70,70,39,70,70,70,17,70,70,70,70,70,70,70,70,70
adoptable,German Wirehaired Pointer,1,1,1,1,1,1,1,1,1,1,1,1,1,1,1,1,1,1,1,1,1,1
adoptable,Golden Retriever,6,6,6,6,6,2,6,6,5,6,6,6,4,6,6,6,6,6,6,6,6,6
adoptable,Great Dane,23,23,23,23,23,0,23,23,21,23,23,23,2,23,23,23,23,23,23,23,23,23
adoptable,Great Pyrenees,19,19,19,19,19,7,19,19,12,19,19,19,12,19,19,19,19,19,19,19,19,19
adoptable,Hound,31,31,31,31,31,11,31,31,19,31,31,31,14,31,31,31,31,31,31,31,31,31
adoptable,Husky,18,18,18,18,18,4,18,18,10,18,18,18,12,18,18,18,18,18,18,18,18,18
adoptable,Irish Wolfhound,1,1,1,1,1,0,1,1,1,1,1,1,0,1,1,1,1,1,1,1,1,1
adoptable,Jack Russell Terrier,10,10,10,10,10,2,10,10,9,10,10,10,5,10,10,10,10,10,10,10,10,10
adoptable,Labradoodle,1,1,1,1,1,1,1,1,1,1,1,1,1,1,1,1,1,1,1,1,1,1
adoptable,Labrador Retriever,193,193,193,193,193,35,193,193,100,193,193,193,61,193,193,193,193,193,193,193,193,193
adoptable,Maltese,3,3,3,3,3,0,3,3,3,3,3,3,1,3,3,3,3,3,3,3,3,3
adoptable,Mastiff,5,5,5,5,5,3,5,5,5,5,5,5,4,5,5,5,5,5,5,5,5,5
adoptable,Miniature Pinscher,4,4,4,4,4,0,4,4,3,4,4,4,0,4,4,4,4,4,4,4,4,4
adoptable,Mixed Breed,90,90,90,90,90,21,90,90,43,90,90,90,31,90,90,90,90,90,90,90,90,90
adoptable,Mountain Cur,3,3,3,3,3,2,3,3,0,3,3,3,3,3,3,3,3,3,3,3,3,3
adoptable,Old English Sheepdog,1,1,1,1,1,0,1,1,1,1,1,1,1,1,1,1,1,1,1,1,1,1
adoptable,Parson Russell Terrier,1,1,1,1,1,0,1,1,0,1,1,1,0,1,1,1,1,1,1,1,1,1
adoptable,Pekingese,2,2,2,2,2,0,2,2,0,2,2,2,0,2,2,2,2,2,2,2,2,2
adoptable,Pit Bull Terrier,187,187,187,187,187,31,187,187,120,187,187,187,61,187,187,187,187,187,187,187,187,187
adoptable,Plott Hound,13,13,13,13,13,2,13,13,6,13,13,13,5,13,13,13,13,13,13,13,13,13
adoptable,Pointer,9,9,9,9,9,0,9,9,3,9,9,9,4,9,9,9,9,9,9,9,9,9
adoptable,Pomeranian,3,3,3,3,3,2,3,3,3,3,3,3,2,3,3,3,3,3,3,3,3,3
adoptable,Poodle,2,2,2,2,2,1,2,2,1,2,2,2,0,2,2,2,2,2,2,2,2,2
adoptable,Pug,2,2,2,2,2,0,2,2,1,2,2,2,1,2,2,2,2,2,2,2,2,2
adoptable,Rat Terrier,19,19,19,19,19,7,19,19,15,19,19,19,8,19,19,19,19,19,19,19,19,19
adoptable,Redbone Coonhound,2,2,2,2,2,0,2,2,1,2,2,2,1,2,2,2,2,2,2,2,2,2
adoptable,Retriever,13,13,13,13,13,1,13,13,7,13,13,13,11,13,13,13,13,13,13,13,13,13
adoptable,Rhodesian Ridgeback,7,7,7,7,7,0,7,7,5,7,7,7,2,7,7,7,7,7,7,7,7,7
adoptable,Rottweiler,8,8,8,8,8,0,8,8,6,8,8,8,4,8,8,8,8,8,8,8,8,8
adoptable,Schnauzer,7,7,7,7,7,0,7,7,5,7,7,7,1,7,7,7,7,7,7,7,7,7
adoptable,Shar-Pei,9,9,9,9,9,0,9,9,4,9,9,9,4,9,9,9,9,9,9,9,9,9
adoptable,Shepherd,111,111,111,111,111,16,111,111,78,111,111,111,59,111,111,111,111,111,111,111,111,111
adoptable,Shiba Inu,1,1,1,1,1,0,1,1,0,1,1,1,1,1,1,1,1,1,1,1,1,1
adoptable,Shih Tzu,3,3,3,3,3,1,3,3,2,3,3,3,1,3,3,3,3,3,3,3,3,3
adoptable,Siberian Husky,11,11,11,11,11,1,11,11,5,11,11,11,5,11,11,11,11,11,11,11,11,11
adoptable,Smooth Collie,1,1,1,1,1,1,1,1,1,1,1,1,1,1,1,1,1,1,1,1,1,1
adoptable,Spaniel,2,2,2,2,2,1,2,2,2,2,2,2,2,2,2,2,2,2,2,2,2,2
adoptable,Staffordshire Bull Terrier,8,8,8,8,8,6,8,8,8,8,8,8,5,8,8,8,8,8,8,8,8,8
adoptable,Terrier,109,109,109,109,109,37,109,109,81,109,109,109,51,109,109,109,109,109,109,109,109,109
adoptable,Treeing Walker Coonhound,3,3,3,3,3,1,3,3,1,3,3,3,3,3,3,3,3,3,3,3,3,3
adoptable,Weimaraner,1,1,1,1,1,1,1,1,1,1,1,1,0,1,1,1,1,1,1,1,1,1
adoptable,West Highland White Terrier / Westie,1,1,1,1,1,0,1,1,1,1,1,1,0,1,1,1,1,1,1,1,1,1
adoptable,Whippet,4,4,4,4,4,1,4,4,3,4,4,4,4,4,4,4,4,4,4,4,4,4
adoptable,White German Shepherd,1,1,1,1,1,0,1,1,0,1,1,1,0,1,1,1,1,1,1,1,1,1
adoptable,Wire Fox Terrier,2,2,2,2,2,0,2,2,2,2,2,2,0,2,2,2,2,2,2,2,2,2
adoptable,Wirehaired Terrier,4,4,4,4,4,0,4,4,4,4,4,4,0,4,4,4,4,4,4,4,4,4
adoptable,Yellow Labrador Retriever,6,6,6,6,6,0,6,6,3,6,6,6,5,6,6,6,6,6,6,6,6,6
adoptable,Yorkshire Terrier,4,4,4,4,4,1,4,4,4,4,4,4,2,4,4,4,4,4,4,4,4,4
adopted,Affenpinscher,1,1,1,1,1,0,1,1,1,1,1,1,0,1,1,1,1,1,1,1,1,1
adopted,Afghan Hound,1,1,1,1,1,0,1,1,1,1,1,1,1,1,1,1,1,1,1,1,1,1
adopted,Airedale Terrier,11,11,11,11,11,10,11,11,9,11,11,11,11,11,11,11,11,11,11,11,11,11
adopted,Akbash,2,2,2,2,2,2,2,2,2,2,2,2,2,2,2,2,2,2,2,2,2,2
adopted,Akita,3,3,3,3,3,3,3,3,3,3,3,3,3,3,3,3,3,3,3,3,3,3
adopted,Alaskan Malamute,2,2,2,2,2,1,2,2,2,2,2,2,1,2,2,2,2,2,2,2,2,2
adopted,American Bulldog,20,20,20,20,20,19,20,20,19,20,20,20,20,20,20,20,20,20,20,20,20,20
adopted,American Bully,4,4,4,4,4,4,4,4,3,4,4,4,3,4,4,4,4,4,4,4,4,4
adopted,American Staffordshire Terrier,55,55,55,55,55,39,55,55,51,55,55,55,47,55,55,55,55,55,55,55,55,55
adopted,Anatolian Shepherd,30,30,30,30,30,28,30,30,30,30,30,30,25,30,30,30,30,30,30,30,30,30
adopted,Australian Cattle Dog / Blue Heeler,234,234,234,234,234,206,234,234,205,234,234,234,205,234,234,234,234,234,234,234,234,234
adopted,Australian Kelpie,9,9,9,9,9,9,9,9,7,9,9,9,8,9,9,9,9,9,9,9,9,9
adopted,Australian Shepherd,85,85,85,85,85,72,85,85,82,85,85,85,74,85,85,85,85,85,85,85,85,85
adopted,Australian Terrier,4,4,4,4,4,4,4,4,4,4,4,4,3,4,4,4,4,4,4,4,4,4
adopted,Basenji,20,20,20,20,20,16,20,20,20,20,20,20,13,20,20,20,20,20,20,20,20,20
adopted,Basset Hound,36,36,36,36,36,19,36,36,33,36,36,36,19,36,36,36,36,36,36,36,36,36
adopted,Beagle,48,48,48,48,48,40,48,48,39,48,48,48,39,48,48,48,48,48,48,48,48,48
adopted,Bearded Collie,1,1,1,1,1,1,1,1,1,1,1,1,1,1,1,1,1,1,1,1,1,1
adopted,Belgian Shepherd / Malinois,20,20,20,20,20,13,20,20,19,20,20,20,13,20,20,20,20,20,20,20,20,20
adopted,Belgian Shepherd / Sheepdog,2,2,2,2,2,2,2,2,2,2,2,2,2,2,2,2,2,2,2,2,2,2
adopted,Bichon Frise,5,5,5,5,5,3,5,5,5,5,5,5,3,5,5,5,5,5,5,5,5,5
adopted,Black Labrador Retriever,14,14,14,14,14,12,14,14,11,14,14,14,13,14,14,14,14,14,14,14,14,14
adopted,Black Mouth Cur,45,45,45,45,45,43,45,45,34,45,45,45,32,45,45,45,45,45,45,45,45,45
adopted,Bloodhound,4,4,4,4,4,2,4,4,4,4,4,4,2,4,4,4,4,4,4,4,4,4
adopted,Blue Lacy,19,19,19,19,19,18,19,19,9,19,19,19,14,19,19,19,19,19,19,19,19,19
adopted,Bluetick Coonhound,1,1,1,1,1,1,1,1,1,1,1,1,1,1,1,1,1,1,1,1,1,1
adopted,Border Collie,125,125,125,125,125,112,125,125,118,125,125,125,108,125,125,125,125,125,125,125,125,125
adopted,Border Terrier,11,11,11,11,11,11,11,11,10,11,11,11,11,11,11,11,11,11,11,11,11,11
adopted,Boston Terrier,28,28,28,28,28,20,28,28,26,28,28,28,20,28,28,28,28,28,28,28,28,28
adopted,Boxer,156,156,156,156,156,134,156,156,145,156,156,156,130,156,156,156,156,156,156,156,156,156
adopted,Boykin Spaniel,1,1,1,1,1,0,1,1,1,1,1,1,1,1,1,1,1,1,1,1,1,1
adopted,Brittany Spaniel,6,6,6,6,6,5,6,6,5,6,6,6,5,6,6,6,6,6,6,6,6,6
adopted,Brussels Griffon,5,5,5,5,5,2,5,5,5,5,5,5,2,5,5,5,5,5,5,5,5,5
adopted,Bull Terrier,5,5,5,5,5,4,5,5,5,5,5,5,5,5,5,5,5,5,5,5,5,5
adopted,Bullmastiff,4,4,4,4,4,3,4,4,4,4,4,4,3,4,4,4,4,4,4,4,4,4
adopted,Cairn Terrier,21,21,21,21,21,20,21,21,21,21,21,21,19,21,21,21,21,21,21,21,21,21
adopted,Cane Corso,1,1,1,1,1,1,1,1,1,1,1,1,1,1,1,1,1,1,1,1,1,1
adopted,Cardigan Welsh Corgi,1,1,1,1,1,1,1,1,1,1,1,1,1,1,1,1,1,1,1,1,1,1
adopted,Carolina Dog,5,5,5,5,5,4,5,5,5,5,5,5,5,5,5,5,5,5,5,5,5,5
adopted,Catahoula Leopard Dog,75,75,75,75,75,72,75,75,68,75,75,75,70,75,75,75,75,75,75,75,75,75
adopted,Cattle Dog,60,60,60,60,60,54,60,60,53,60,60,60,48,60,60,60,60,60,60,60,60,60
adopted,Cavalier King Charles Spaniel,2,2,2,2,2,1,2,2,2,2,2,2,2,2,2,2,2,2,2,2,2,2
adopted,Chesapeake Bay Retriever,7,7,7,7,7,7,7,7,4,7,7,7,7,7,7,7,7,7,7,7,7,7
adopted,Chihuahua,560,560,560,560,560,421,560,560,507,560,560,560,417,560,560,560,560,560,560,560,560,560
adopted,Chinese Crested Dog,1,1,1,1,1,1,1,1,1,1,1,1,1,1,1,1,1,1,1,1,1,1
adopted,Chiweenie,37,37,37,37,37,35,37,37,30,37,37,37,26,37,37,37,37,37,37,37,37,37
adopted,Chocolate Labrador Retriever,2,2,2,2,2,2,2,2,1,2,2,2,2,2,2,2,2,2,2,2,2,2
adopted,Chow Chow,13,13,13,13,13,8,13,13,11,13,13,13,8,13,13,13,13,13,13,13,13,13
adopted,Cockapoo,1,1,1,1,1,1,1,1,1,1,1,1,1,1,1,1,1,1,1,1,1,1
adopted,Cocker Spaniel,56,56,56,56,56,48,56,56,55,56,56,56,51,56,56,56,56,56,56,56,56,56
adopted,Collie,61,61,61,61,61,58,61,61,60,61,61,61,56,61,61,61,61,61,61,61,61,61
adopted,Coonhound,9,9,9,9,9,6,9,9,9,9,9,9,8,9,9,9,9,9,9,9,9,9
adopted,Corgi,29,29,29,29,29,28,29,29,27,29,29,29,28,29,29,29,29,29,29,29,29,29
adopted,Dachshund,292,292,292,292,292,168,292,292,287,292,292,292,168,292,292,292,292,292,292,292,292,292
adopted,Dalmatian,2,2,2,2,2,1,2,2,2,2,2,2,2,2,2,2,2,2,2,2,2,2
adopted,Doberman Pinscher,25,25,25,25,25,15,25,25,25,25,25,25,18,25,25,25,25,25,25,25,25,25
adopted,Dogue de Bordeaux,1,1,1,1,1,1,1,1,1,1,1,1,1,1,1,1,1,1,1,1,1,1
adopted,Dutch Shepherd,2,2,2,2,2,0,2,2,2,2,2,2,2,2,2,2,2,2,2,2,2,2
adopted,English Bulldog,10,10,10,10,10,8,10,10,9,10,10,10,9,10,10,10,10,10,10,10,10,10
adopted,English Cocker Spaniel,1,1,1,1,1,1,1,1,1,1,1,1,1,1,1,1,1,1,1,1,1,1
adopted,English Pointer,4,4,4,4,4,4,4,4,4,4,4,4,4,4,4,4,4,4,4,4,4,4
adopted,English Setter,8,8,8,8,8,8,8,8,8,8,8,8,8,8,8,8,8,8,8,8,8,8
adopted,English Shepherd,1,1,1,1,1,1,1,1,1,1,1,1,1,1,1,1,1,1,1,1,1,1
adopted,English Springer Spaniel,1,1,1,1,1,1,1,1,1,1,1,1,1,1,1,1,1,1,1,1,1,1
adopted,English Toy Spaniel,1,1,1,1,1,1,1,1,1,1,1,1,1,1,1,1,1,1,1,1,1,1
adopted,Flat-Coated Retriever,9,9,9,9,9,8,9,9,9,9,9,9,8,9,9,9,9,9,9,9,9,9
adopted,Fox Terrier,3,3,3,3,3,3,3,3,3,3,3,3,2,3,3,3,3,3,3,3,3,3
adopted,Foxhound,1,1,1,1,1,1,1,1,1,1,1,1,1,1,1,1,1,1,1,1,1,1
adopted,French Bulldog,3,3,3,3,3,3,3,3,2,3,3,3,3,3,3,3,3,3,3,3,3,3
adopted,German Pinscher,1,1,1,1,1,1,1,1,1,1,1,1,1,1,1,1,1,1,1,1,1,1
adopted,German Shepherd Dog,223,223,223,223,223,196,223,223,218,223,223,223,130,223,223,223,223,223,223,223,223,223
adopted,German Shorthaired Pointer,7,7,7,7,7,7,7,7,7,7,7,7,7,7,7,7,7,7,7,7,7,7
adopted,Golden Retriever,44,44,44,44,44,32,44,44,39,44,44,44,28,44,44,44,44,44,44,44,44,44
adopted,Goldendoodle,1,1,1,1,1,1,1,1,1,1,1,1,1,1,1,1,1,1,1,1,1,1
adopted,Great Dane,104,104,104,104,104,43,104,104,101,104,104,104,50,104,104,104,104,104,104,104,104,104
adopted,Great Pyrenees,114,114,114,114,114,106,114,114,109,114,114,114,101,114,114,114,114,114,114,114,114,114
adopted,Greyhound,11,11,11,11,11,11,11,11,11,11,11,11,11,11,11,11,11,11,11,11,11,11
adopted,Havanese,2,2,2,2,2,0,2,2,2,2,2,2,1,2,2,2,2,2,2,2,2,2
adopted,Hound,114,114,114,114,114,102,114,114,93,114,114,114,88,114,114,114,114,114,114,114,114,114
adopted,Husky,94,94,94,94,94,75,94,94,88,94,94,94,78,94,94,94,94,94,94,94,94,94
adopted,Irish Terrier,2,2,2,2,2,2,2,2,2,2,2,2,2,2,2,2,2,2,2,2,2,2
adopted,Irish Wolfhound,2,2,2,2,2,1,2,2,2,2,2,2,1,2,2,2,2,2,2,2,2,2
adopted,Italian Greyhound,3,3,3,3,3,3,3,3,3,3,3,3,2,3,3,3,3,3,3,3,3,3
adopted,Jack Russell Terrier,92,92,92,92,92,75,92,92,88,92,92,92,77,92,92,92,92,92,92,92,92,92
adopted,Klee Kai,2,2,2,2,2,0,2,2,2,2,2,2,0,2,2,2,2,2,2,2,2,2
adopted,Labradoodle,3,3,3,3,3,3,3,3,3,3,3,3,3,3,3,3,3,3,3,3,3,3
adopted,Labrador Retriever,622,622,622,622,622,513,622,622,590,622,622,622,533,622,622,622,622,622,622,622,622,622
adopted,Lhasa Apso,14,14,14,14,14,11,14,14,13,14,14,14,10,14,14,14,14,14,14,14,14,14
adopted,Maltese,21,21,21,21,21,9,21,21,18,21,21,21,12,21,21,21,21,21,21,21,21,21
adopted,Maltipoo,7,7,7,7,7,3,7,7,6,7,7,7,6,7,7,7,7,7,7,7,7,7
adopted,Manchester Terrier,3,3,3,3,3,3,3,3,2,3,3,3,3,3,3,3,3,3,3,3,3,3
adopted,Mastiff,17,17,17,17,17,8,17,17,16,17,17,17,8,17,17,17,17,17,17,17,17,17
adopted,Miniature Pinscher,13,13,13,13,13,9,13,13,13,13,13,13,10,13,13,13,13,13,13,13,13,13
adopted,Miniature Poodle,9,9,9,9,9,8,9,9,8,9,9,9,9,9,9,9,9,9,9,9,9,9
adopted,Miniature Schnauzer,12,12,12,12,12,10,12,12,12,12,12,12,10,12,12,12,12,12,12,12,12,12
adopted,Mixed Breed,170,170,170,170,170,133,170,170,121,170,170,170,142,170,170,170,170,170,170,170,170,170
adopted,Mountain Cur,6,6,6,6,6,6,6,6,3,6,6,6,6,6,6,6,6,6,6,6,6,6
adopted,Mountain Dog,3,3,3,3,3,3,3,3,3,3,3,3,2,3,3,3,3,3,3,3,3,3
adopted,Neapolitan Mastiff,1,1,1,1,1,1,1,1,1,1,1,1,1,1,1,1,1,1,1,1,1,1
adopted,Newfoundland Dog,1,1,1,1,1,1,1,1,1,1,1,1,1,1,1,1,1,1,1,1,1,1
adopted,Norfolk Terrier,4,4,4,4,4,4,4,4,4,4,4,4,4,4,4,4,4,4,4,4,4,4
adopted,Norwegian Buhund,1,1,1,1,1,1,1,1,1,1,1,1,1,1,1,1,1,1,1,1,1,1
adopted,Old English Sheepdog,7,7,7,7,7,0,7,7,7,7,7,7,0,7,7,7,7,7,7,7,7,7
adopted,Papillon,6,6,6,6,6,5,6,6,6,6,6,6,5,6,6,6,6,6,6,6,6,6
adopted,Parson Russell Terrier,2,2,2,2,2,2,2,2,2,2,2,2,2,2,2,2,2,2,2,2,2,2
adopted,Patterdale Terrier / Fell Terrier,1,1,1,1,1,0,1,1,1,1,1,1,1,1,1,1,1,1,1,1,1,1
adopted,Pekingese,3,3,3,3,3,3,3,3,3,3,3,3,3,3,3,3,3,3,3,3,3,3
adopted,Pembroke Welsh Corgi,2,2,2,2,2,2,2,2,2,2,2,2,2,2,2,2,2,2,2,2,2,2
adopted,Petit Basset Griffon Vendeen,1,1,1,1,1,1,1,1,1,1,1,1,1,1,1,1,1,1,1,1,1,1
adopted,Pharaoh Hound,2,2,2,2,2,2,2,2,2,2,2,2,2,2,2,2,2,2,2,2,2,2
adopted,Pit Bull Terrier,328,328,328,328,328,312,328,328,217,328,328,328,301,328,328,328,328,328,328,328,328,328
adopted,Plott Hound,30,30,30,30,30,29,30,30,30,30,30,30,28,30,30,30,30,30,30,30,30,30
adopted,Pointer,26,26,26,26,26,24,26,26,26,26,26,26,20,26,26,26,26,26,26,26,26,26
adopted,Pomeranian,27,27,27,27,27,19,27,27,26,27,27,27,22,27,27,27,27,27,27,27,27,27
adopted,Poodle,56,56,56,56,56,41,56,56,55,56,56,56,39,56,56,56,56,56,56,56,56,56
adopted,Pug,37,37,37,37,37,33,37,37,36,37,37,37,32,37,37,37,37,37,37,37,37,37
adopted,Pyrenean Shepherd,1,1,1,1,1,1,1,1,1,1,1,1,1,1,1,1,1,1,1,1,1,1
adopted,Rat Terrier,61,61,61,61,61,36,61,61,56,61,61,61,37,61,61,61,61,61,61,61,61,61
adopted,Redbone Coonhound,3,3,3,3,3,2,3,3,3,3,3,3,2,3,3,3,3,3,3,3,3,3
adopted,Retriever,63,63,63,63,63,43,63,63,61,63,63,63,43,63,63,63,63,63,63,63,63,63
adopted,Rhodesian Ridgeback,12,12,12,12,12,11,12,12,11,12,12,12,11,12,12,12,12,12,12,12,12,12
adopted,Rottweiler,46,46,46,46,46,44,46,46,39,46,46,46,37,46,46,46,46,46,46,46,46,46
adopted,Saint Bernard,4,4,4,4,4,2,4,4,4,4,4,4,2,4,4,4,4,4,4,4,4,4
adopted,Samoyed,1,1,1,1,1,0,1,1,1,1,1,1,0,1,1,1,1,1,1,1,1,1
adopted,Schipperke,8,8,8,8,8,7,8,8,8,8,8,8,7,8,8,8,8,8,8,8,8,8
adopted,Schnauzer,86,86,86,86,86,56,86,86,75,86,86,86,52,86,86,86,86,86,86,86,86,86
adopted,Schnoodle,5,5,5,5,5,5,5,5,3,5,5,5,5,5,5,5,5,5,5,5,5,5
adopted,Shar-Pei,21,21,21,21,21,20,21,21,21,21,21,21,20,21,21,21,21,21,21,21,21,21
adopted,Sheep Dog,1,1,1,1,1,0,1,1,1,1,1,1,0,1,1,1,1,1,1,1,1,1
adopted,Shepherd,222,222,222,222,222,196,222,222,208,222,222,222,198,222,222,222,222,222,222,222,222,222
adopted,Shetland Sheepdog / Sheltie,8,8,8,8,8,7,8,8,8,8,8,8,7,8,8,8,8,8,8,8,8,8
adopted,Shiba Inu,1,1,1,1,1,1,1,1,1,1,1,1,1,1,1,1,1,1,1,1,1,1
adopted,Shih Tzu,63,63,63,63,63,34,63,63,59,63,63,63,43,63,63,63,63,63,63,63,63,63
adopted,Siberian Husky,14,14,14,14,14,11,14,14,14,14,14,14,13,14,14,14,14,14,14,14,14,14
adopted,Silky Terrier,2,2,2,2,2,2,2,2,2,2,2,2,1,2,2,2,2,2,2,2,2,2
adopted,Skye Terrier,1,1,1,1,1,0,1,1,1,1,1,1,0,1,1,1,1,1,1,1,1,1
adopted,Spaniel,9,9,9,9,9,6,9,9,9,9,9,9,4,9,9,9,9,9,9,9,9,9
adopted,Spitz,2,2,2,2,2,0,2,2,2,2,2,2,0,2,2,2,2,2,2,2,2,2
adopted,Staffordshire Bull Terrier,34,34,34,34,34,30,34,34,34,34,34,34,27,34,34,34,34,34,34,34,34,34
adopted,Standard Poodle,5,5,5,5,5,1,5,5,5,5,5,5,2,5,5,5,5,5,5,5,5,5
adopted,Standard Schnauzer,2,2,2,2,2,2,2,2,2,2,2,2,2,2,2,2,2,2,2,2,2,2
adopted,Swedish Vallhund,1,1,1,1,1,1,1,1,1,1,1,1,1,1,1,1,1,1,1,1,1,1
adopted,Tennessee Treeing Brindle,1,1,1,1,1,1,1,1,1,1,1,1,1,1,1,1,1,1,1,1,1,1
adopted,Terrier,453,453,453,453,453,284,453,453,423,453,453,453,288,453,453,453,453,453,453,453,453,453
adopted,Tibetan Spaniel,2,2,2,2,2,2,2,2,2,2,2,2,1,2,2,2,2,2,2,2,2,2
adopted,Tibetan Terrier,3,3,3,3,3,0,3,3,3,3,3,3,0,3,3,3,3,3,3,3,3,3
adopted,Toy Fox Terrier,4,4,4,4,4,4,4,4,4,4,4,4,4,4,4,4,4,4,4,4,4,4
adopted,Treeing Walker Coonhound,2,2,2,2,2,2,2,2,1,2,2,2,2,2,2,2,2,2,2,2,2,2
adopted,Vizsla,6,6,6,6,6,5,6,6,5,6,6,6,5,6,6,6,6,6,6,6,6,6
adopted,Weimaraner,4,4,4,4,4,4,4,4,4,4,4,4,2,4,4,4,4,4,4,4,4,4
adopted,Welsh Terrier,1,1,1,1,1,1,1,1,1,1,1,1,1,1,1,1,1,1,1,1,1,1
adopted,West Highland White Terrier / Westie,8,8,8,8,8,6,8,8,7,8,8,8,7,8,8,8,8,8,8,8,8,8
adopted,Wheaten Terrier,7,7,7,7,7,7,7,7,7,7,7,7,7,7,7,7,7,7,7,7,7,7
adopted,Whippet,6,6,6,6,6,6,6,6,6,6,6,6,4,6,6,6,6,6,6,6,6,6
adopted,Wire Fox Terrier,1,1,1,1,1,1,1,1,1,1,1,1,1,1,1,1,1,1,1,1,1,1
adopted,Wirehaired Dachshund,3,3,3,3,3,3,3,3,3,3,3,3,3,3,3,3,3,3,3,3,3,3
adopted,Wirehaired Terrier,19,19,19,19,19,14,19,19,15,19,19,19,16,19,19,19,19,19,19,19,19,19
adopted,Yellow Labrador Retriever,11,11,11,11,11,10,11,11,11,11,11,11,11,11,11,11,11,11,11,11,11,11
adopted,Yorkshire Terrier,44,44,44,44,44,27,44,44,41,44,44,44,28,44,44,44,44,44,44,44,44,44
